{
  "scene.lastopened": {
    "Value": "\u0022scenes/dev.scene\u0022",
    "Timeout": 1730748634,
    "DeleteAt": 0
  },
  "gizmo.settings": {
    "Value": "{\u0022EditMode\u0022:\u0022position\u0022,\u0022Selection\u0022:true,\u0022ViewMode\u0022:\u00223d\u0022,\u0022GizmosEnabled\u0022:true,\u0022GizmoScale\u0022:1,\u0022GridSpacing\u0022:32,\u0022SnapToGrid\u0022:false,\u0022SnapToAngles\u0022:true,\u0022AngleSpacing\u0022:15,\u0022GlobalSpace\u0022:false,\u0022DebugActionGraphs\u0022:false}",
    "Timeout": 1730748634,
    "DeleteAt": 0
  },
  "SceneView.Viewport0.Settings": {
    "Value": "{\u0022CameraPosition\u0022:\u0022-1454.449,-1871.449,448.7769\u0022,\u0022CameraRotation\u0022:\u0022-0.1464466,0.3535534,0.3535534,0.8535534\u0022,\u0022View\u0022:0,\u0022RenderMode\u0022:0,\u0022WireframeMode\u0022:false,\u0022EnablePostProcessing\u0022:true,\u0022ShowGrid\u0022:true,\u0022GridOpacity\u0022:0.2,\u0022GridAxis\u0022:0,\u0022CameraOrthoHeight\u0022:1000}",
    "Timeout": 1730752399,
    "DeleteAt": 0
  },
  ".Viewport0": {
    "Value": "{\u0022CameraPosition\u0022:\u0022-1087.359,-1428.643,235.8283\u0022,\u0022CameraRotation\u0022:\u00220.01209625,0.05619348,-0.2100924,0.9759904\u0022,\u0022CameraOrthoHeight\u0022:1000}",
    "Timeout": 1730752118,
    "DeleteAt": 0
  },
  "scenes/dev.scene.Viewport0": {
    "Value": "{\u0022CameraPosition\u0022:\u0022-1454.449,-1871.449,448.7769\u0022,\u0022CameraRotation\u0022:\u0022-0.1464466,0.3535534,0.3535534,0.8535534\u0022,\u0022CameraOrthoHeight\u0022:1000}",
    "Timeout": 1730752399,
    "DeleteAt": 0
  },
  "SceneView.Layout": {
    "Value": "{\u0022Layout\u0022:0,\u0022SplitterState\u0022:[]}",
    "Timeout": 1730752118,
    "DeleteAt": 0
  }
}